{"_wandb":{"runtime":2},"k":15,"len_b":9,"RMSE":6.5658,"mean_acc":100,"pca_thres":0.44,"lda":6,"alpha_est":0.3,"_timestamp":1.7422181118199182e+09,"elapsedTime":20.53,"_step":0,"alpha":0.35,"pow":1,"_runtime":1.8629240999999999}