{"elapsedTime":18.78,"mean_acc":100,"len_b":10,"lda":6,"_wandb":{"runtime":9},"alpha_est":0.3,"pow":1,"RMSE":6.5892,"k":20,"_step":0,"_timestamp":1.7422244698736134e+09,"alpha":0.35,"pca_thres":0.48,"_runtime":9.5932009}