{"RMSE":6.5412,"alpha_est":0.3,"pca_thres":0.44,"elapsedTime":20.02,"_runtime":0.8639765,"pow":1,"_timestamp":1.7422183190087395e+09,"alpha":0.35,"lda":6,"mean_acc":100,"len_b":10,"_step":0,"k":15,"_wandb":{"runtime":0}}