{"RMSE":6.5318,"mean_acc":100,"alpha":0.35,"_timestamp":1.7422218954229012e+09,"pca_thres":0.46,"elapsedTime":25.39,"_runtime":1.7586323,"_wandb":{"runtime":1},"pow":1,"lda":6,"alpha_est":0.3,"len_b":10,"k":20,"_step":0}