{"len_b":10,"pow":1,"_runtime":0.9591011,"RMSE":6.8062,"alpha_est":0.3,"k":15,"_step":0,"pca_thres":0.38,"_wandb":{"runtime":1},"lda":6,"elapsedTime":21.14,"_timestamp":1.7422128594306235e+09,"mean_acc":99.88,"alpha":0.35}