{"_timestamp":1.7421084289300604e+09,"pow":1,"RMSE":7.3167,"alpha_est":0.3,"lda":4,"mean_acc":99.62,"len_b":10,"pca_thres":0.9,"k":30,"elapsedTime":22.45,"_wandb":{"runtime":1},"_runtime":1.0892889000000001,"alpha":0.35,"_step":0}