{"_runtime":1.9832676999999999,"alpha_est":0.3,"lda":6,"len_b":8,"elapsedTime":14.01,"_wandb":{"runtime":2},"alpha":0.35,"pca_thres":0.6,"_step":0,"k":15,"RMSE":6.5042,"_timestamp":1.7422108658566291e+09,"mean_acc":100,"pow":1}