{"k":15,"mean_acc":100,"RMSE":6.5228,"_timestamp":1.742167458870023e+09,"lda":6,"alpha_est":0.3,"_step":0,"elapsedTime":18.88,"_wandb":{"runtime":1},"len_b":9,"alpha":0.35,"_runtime":1.1119501999999999,"pow":1,"pca_thres":0.6}