{"pca_thres":0.9,"k":10,"_runtime":1.0994291999999999,"mean_acc":99.63,"_timestamp":1.742102235011247e+09,"_step":0,"len_b":4,"alpha_est":0.3,"lda":4,"pow":1,"_wandb":{"runtime":1},"RMSE":7.59,"alpha":0.35,"elapsedTime":22.68}