{"lda":6,"elapsedTime":21.95,"pca_thres":0.55,"_wandb":{"runtime":1},"_step":0,"alpha_est":0.3,"_timestamp":1.7422097404297829e+09,"mean_acc":100,"len_b":10,"alpha":0.35,"pow":1,"_runtime":1.1082134,"RMSE":6.5702,"k":15}