{"alpha_est":0.3,"_step":0,"lda":4,"_timestamp":1.7420652127933311e+09,"_runtime":2.9551328999999997,"pca_thres":0.3,"pow":1,"elapsedTime":15.77,"len_b":2,"RMSE":8.3406,"k":10,"alpha":0.35,"_wandb":{"runtime":3},"mean_acc":99.75}