{"_step":0,"lda":6,"elapsedTime":17.24,"pow":1,"alpha":0.35,"k":15,"_wandb":{"runtime":2},"RMSE":6.5444,"mean_acc":100,"pca_thres":0.42,"len_b":10,"_runtime":1.8644045999999999,"_timestamp":1.7422161629611921e+09,"alpha_est":0.3}