{"alpha_est":0.3,"alpha":0.35,"_wandb":{"runtime":1},"_step":0,"RMSE":6.565,"len_b":10,"lda":6,"elapsedTime":24.05,"_timestamp":1.7422267972579868e+09,"pca_thres":0.5,"pow":1,"_runtime":1.4663618999999999,"mean_acc":100,"k":20}