{"alpha_est":0.3,"elapsedTime":25.18,"lda":4,"_runtime":1.0950725000000001,"pca_thres":0.6,"_step":0,"pow":1,"mean_acc":99.88,"_wandb":{"runtime":1},"_timestamp":1.7420837075130787e+09,"k":10,"alpha":0.35,"RMSE":6.9454,"len_b":6}